date,exercise,rep_number,form_score,depth_score,alignment_score,stability_score,duration_seconds,eccentric_s,concentric_s,coaching_notes
2026-04-19 22:59:25,Shoulder Press,1,40.0,40.0,0.0,0.0,1.26,1.26,0.0,Keep torso vertical — brace your core
2026-04-19 22:59:25,Shoulder Press,2,42.6,40.0,2.6,0.0,1.6,1.6,0.0,Keep torso vertical — brace your core
2026-04-19 22:59:25,Shoulder Press,3,42.8,40.0,2.8,0.0,3.61,3.61,0.0,Keep torso vertical — brace your core
2026-04-19 22:59:25,Shoulder Press,4,43.9,40.0,0.2,3.7,2.34,2.34,0.0,Keep torso vertical — brace your core
2026-04-19 22:59:25,Shoulder Press,5,40.0,40.0,0.0,0.0,2.02,2.02,0.0,Keep torso vertical — brace your core
2026-04-19 22:59:25,Shoulder Press,6,40.6,40.0,0.6,0.0,1.38,1.38,0.0,Keep torso vertical — brace your core
2026-04-19 22:59:25,Shoulder Press,7,40.0,40.0,0.0,0.0,2.04,2.04,0.0,Keep torso vertical — brace your core
2026-04-19 22:59:25,Shoulder Press,8,40.7,40.0,0.7,0.0,1.2,1.2,0.0,Keep torso vertical — brace your core
2026-04-27 18:26:11,Squat,1,53.2,36.4,16.8,0.0,0.46,0.46,0.0,Keep your torso more upright; Slow down — control the movement
2026-04-27 18:26:11,Squat,2,58.8,39.1,19.7,0.0,1.18,1.18,0.0,Slow down — control the movement
2026-04-27 18:26:11,Squat,3,70.0,39.4,13.8,16.8,1.34,1.34,0.0,Keep your torso more upright; Slow down — control the movement
2026-04-27 18:26:11,Squat,4,52.8,38.8,14.0,0.0,0.56,0.56,0.0,Keep your torso more upright; Slow down — control the movement
2026-04-27 18:27:47,Squat,1,60.0,36.9,12.5,10.6,0.82,0.82,0.0,Keep your torso more upright; Slow down — control the movement
2026-04-27 18:27:47,Squat,2,58.1,39.6,13.2,5.3,0.76,0.76,0.0,Keep your torso more upright; Slow down — control the movement
2026-04-27 18:27:47,Squat,3,66.5,38.4,17.6,10.5,1.04,1.04,0.0,Keep your torso more upright; Slow down — control the movement
2026-04-27 18:27:47,Squat,4,65.0,36.9,15.3,12.8,0.8,0.8,0.0,Keep your torso more upright; Slow down — control the movement
2026-04-27 18:27:47,Squat,5,63.0,39.4,15.3,8.3,1.13,1.13,0.0,Keep your torso more upright; Slow down — control the movement
2026-04-27 18:27:47,Squat,6,59.7,37.5,16.5,5.7,0.28,0.28,0.0,Keep your torso more upright; Slow down — control the movement
2026-04-27 18:27:47,Squat,7,61.7,37.0,12.6,12.1,0.95,0.95,0.0,Keep your torso more upright; Slow down — control the movement
2026-04-27 18:27:47,Squat,8,59.5,38.3,15.4,5.8,1.23,1.23,0.0,Keep your torso more upright; Slow down — control the movement
2026-04-27 18:27:47,Squat,9,55.7,39.8,15.9,0.0,1.08,1.08,0.0,Keep your torso more upright; Slow down — control the movement
2026-04-27 18:27:47,Squat,10,67.8,37.4,14.3,16.1,0.93,0.93,0.0,Keep your torso more upright; Slow down — control the movement
2026-04-27 18:27:47,Squat,11,56.3,40.0,13.3,3.0,2.13,2.13,0.0,Keep your torso more upright; Slow down — control the movement
2026-04-27 18:27:47,Squat,12,65.0,38.8,17.8,8.4,0.81,0.81,0.0,Keep your torso more upright; Slow down — control the movement
2026-04-27 22:57:14,Squat,1,35.8,35.8,0.0,0.0,0.24,0.24,0.0,Keep your torso more upright; Slow down — control the movement
2026-04-27 22:57:14,Squat,2,60.8,38.5,15.9,6.4,1.3,1.3,0.0,Keep your torso more upright; Slow down — control the movement
2026-04-27 22:57:14,Squat,3,65.2,39.3,14.3,11.6,0.6,0.6,0.0,Keep your torso more upright; Slow down — control the movement
2026-04-27 22:57:14,Squat,4,69.1,36.0,18.5,14.6,0.25,0.25,0.0,Slow down — control the movement
2026-04-27 22:57:14,Squat,5,62.8,40.0,18.7,4.1,0.83,0.83,0.0,Slow down — control the movement
2026-04-27 22:57:14,Squat,6,53.3,23.6,15.5,14.2,5.15,5.15,0.0,Squat deeper — reach below parallel; Keep your torso more upright; Slow down — control the movement
2026-04-27 22:57:14,Squat,7,40.0,40.0,0.0,0.0,1.65,1.65,0.0,Keep your torso more upright; Slow down — control the movement
2026-04-27 22:57:14,Squat,8,37.5,37.5,0.0,0.0,0.58,0.58,0.0,Keep your torso more upright; Slow down — control the movement
2026-04-27 22:57:14,Squat,9,77.6,37.6,19.1,20.9,0.82,0.82,0.0,Excellent squat!
2026-04-27 22:57:14,Squat,10,57.2,40.0,9.3,7.9,0.36,0.36,0.0,Keep your torso more upright; Slow down — control the movement
2026-04-27 22:57:14,Squat,11,72.1,37.5,16.7,17.9,0.58,0.58,0.0,Keep your torso more upright; Slow down — control the movement
2026-04-27 22:57:14,Squat,12,68.7,36.3,20.8,11.6,0.12,0.12,0.0,Slow down — control the movement
2026-04-27 22:57:14,Squat,13,36.2,36.2,0.0,0.0,0.69,0.69,0.0,Keep your torso more upright; Slow down — control the movement
2026-04-27 22:57:14,Squat,14,35.7,35.7,0.0,0.0,0.1,0.1,0.0,Keep your torso more upright; Slow down — control the movement
2026-04-27 22:59:02,Shoulder Press,1,40.0,40.0,0.0,0.0,1.25,1.25,0.0,Keep torso vertical — brace your core
2026-04-27 22:59:02,Shoulder Press,2,41.3,40.0,1.3,0.0,1.43,1.43,0.0,Keep torso vertical — brace your core
2026-04-27 22:59:02,Shoulder Press,3,42.1,40.0,2.1,0.0,1.77,1.77,0.0,Keep torso vertical — brace your core
2026-04-27 22:59:02,Shoulder Press,4,40.8,40.0,0.8,0.0,1.43,1.43,0.0,Keep torso vertical — brace your core
2026-04-27 22:59:02,Shoulder Press,5,40.0,40.0,0.0,0.0,1.57,1.57,0.0,Keep torso vertical — brace your core
2026-04-27 22:59:02,Shoulder Press,6,40.0,40.0,0.0,0.0,1.06,1.06,0.0,Keep torso vertical — brace your core
2026-04-27 22:59:02,Shoulder Press,7,40.6,40.0,0.6,0.0,1.25,1.25,0.0,Keep torso vertical — brace your core
2026-04-27 22:59:02,Shoulder Press,8,40.0,40.0,0.0,0.0,1.31,1.31,0.0,Keep torso vertical — brace your core
2026-04-27 22:59:02,Shoulder Press,9,40.0,40.0,0.0,0.0,1.39,1.39,0.0,Keep torso vertical — brace your core
2026-04-27 22:59:02,Shoulder Press,10,40.2,40.0,0.2,0.0,1.39,1.39,0.0,Keep torso vertical — brace your core
2026-04-27 22:59:02,Shoulder Press,11,40.0,40.0,0.0,0.0,1.8,1.8,0.0,Keep torso vertical — brace your core
2026-04-27 22:59:02,Shoulder Press,12,40.0,40.0,0.0,0.0,1.52,1.52,0.0,Keep torso vertical — brace your core
2026-04-27 23:00:15,Push-up,1,37.2,37.2,0.0,0.0,0.23,0.23,0.0,Maintain a straight plank throughout
2026-04-27 23:00:15,Push-up,2,41.2,37.7,0.0,3.5,0.14,0.14,0.0,Maintain a straight plank throughout
2026-04-27 23:00:15,Push-up,3,60.6,40.0,20.6,0.0,0.25,0.25,0.0,Great push-up! Full range of motion
2026-04-27 23:00:15,Push-up,4,43.7,40.0,0.0,3.7,4.13,4.13,0.0,Maintain a straight plank throughout
2026-04-27 23:17:26,Shoulder Press,1,40.3,40.0,0.3,0.0,1.68,1.68,0.0,Keep torso vertical — brace your core
2026-04-27 23:17:26,Shoulder Press,2,40.0,40.0,0.0,0.0,1.63,1.63,0.0,Keep torso vertical — brace your core
2026-04-27 23:17:26,Shoulder Press,3,40.0,40.0,0.0,0.0,1.63,1.63,0.0,Keep torso vertical — brace your core
2026-04-27 23:17:26,Shoulder Press,4,40.0,40.0,0.0,0.0,1.24,1.24,0.0,Keep torso vertical — brace your core
2026-04-27 23:34:33,Push-up,1,35.5,34.1,1.4,0.0,1.56,1.56,0.0,Maintain a straight plank throughout
2026-04-27 23:34:33,Push-up,2,37.2,37.2,0.0,0.0,0.13,0.13,0.0,Maintain a straight plank throughout
2026-04-27 23:34:33,Push-up,3,65.5,40.0,12.4,13.1,1.34,1.34,0.0,Maintain a straight plank throughout
2026-04-27 23:34:33,Push-up,4,40.5,40.0,0.5,0.0,2.07,2.07,0.0,Maintain a straight plank throughout
2026-04-27 23:34:33,Push-up,5,73.0,38.6,15.1,19.3,0.38,0.38,0.0,Maintain a straight plank throughout
2026-04-27 23:35:19,Push-up,1,45.3,25.4,19.9,0.0,0.49,0.49,0.0,Great push-up! Full range of motion
2026-04-27 23:35:19,Push-up,2,63.5,39.7,17.4,6.4,0.77,0.77,0.0,Maintain a straight plank throughout
2026-04-27 23:35:19,Push-up,3,32.7,32.7,0.0,0.0,2.36,2.36,0.0,Maintain a straight plank throughout
2026-04-27 23:35:19,Push-up,4,25.9,25.9,0.0,0.0,0.53,0.53,0.0,Maintain a straight plank throughout
2026-04-27 23:35:19,Push-up,5,51.0,39.2,11.8,0.0,0.25,0.25,0.0,Maintain a straight plank throughout
2026-04-27 23:35:19,Push-up,6,34.8,18.1,16.7,0.0,3.46,3.46,0.0,Lower your chest closer to the floor; Maintain a straight plank throughout
2026-04-27 23:35:19,Push-up,7,57.5,40.0,17.5,0.0,1.29,1.29,0.0,Maintain a straight plank throughout
